ID,Date,Mean,Mean_Ave,Max,Max_Ave,Min,Min_Ave,Pre,Pre_Ave
1,2016/1/1,4.7,5,12.1,10.2,-1,0.5,0,1
2,2016/1/2,7.7,5,14.8,10.1,1,0.4,0,1
3,2016/1/3,9.4,4.9,15.6,10,4,0.3,0,1.1
4,2016/1/4,9.6,4.8,16.4,9.9,3.7,0.3,0,1.1
5,2016/1/5,6.4,4.8,11.5,9.8,2.3,0.2,0.5,1.1
6,2016/1/6,7.4,4.7,11.2,9.8,3.8,0.2,0,1.2
7,2016/1/7,7.7,4.7,12.4,9.7,3.6,0.2,0,1.2
8,2016/1/8,5.8,4.7,11.7,9.7,1.8,0.2,0,1.2
9,2016/1/9,5.5,4.6,10.9,9.6,0.3,0.1,0,1.2
10,2016/1/10,5.4,4.6,12.8,9.6,-0.2,0.1,0,1.2
11,2016/1/11,6.2,4.6,11.8,9.5,0.7,0.1,0,1.2
12,2016/1/12,6.5,4.5,11.1,9.5,2.1,0.1,0,1.2
13,2016/1/13,4.7,4.5,10.5,9.4,-0.4,0.1,0,1.3
14,2016/1/14,3.5,4.4,10.4,9.4,-1.9,0,0,1.3
15,2016/1/15,2.8,4.4,7.9,9.3,-0.9,0,0,1.3
16,2016/1/16,2.7,4.3,9.6,9.3,-3,0,0,1.3
17,2016/1/17,4.1,4.3,8.1,9.2,-0.2,-0.1,6,1.3
18,2016/1/18,6.8,4.2,12.5,9.2,1,-0.2,8.5,1.3
19,2016/1/19,1.3,4.1,5.1,9.1,-0.8,-0.2,0,1.3
20,2016/1/20,2.7,4.1,8.2,9.1,-1.1,-0.3,0,1.2
21,2016/1/21,3.9,4,7.9,9,-0.4,-0.4,0,1.2
22,2016/1/22,5.5,4,10,9,1.6,-0.4,0,1.2
23,2016/1/23,3.4,3.9,7.9,9,0.1,-0.5,0,1.2
24,2016/1/24,-2.4,3.8,0.6,8.9,-4.7,-0.6,0.5,1.1
25,2016/1/25,-0.8,3.8,5.9,8.9,-8.1,-0.6,1.5,1.1
26,2016/1/26,4.2,3.8,8.4,8.9,-0.9,-0.7,0,1.1
27,2016/1/27,6.1,3.7,11.6,8.9,0.6,-0.8,0,1
28,2016/1/28,5.9,3.7,10.8,8.9,0.3,-0.8,5.5,1
29,2016/1/29,7.8,3.7,8.8,8.9,6.8,-0.8,26,1
30,2016/1/30,7.8,3.7,10.5,9,3.5,-0.8,3.5,1
31,2016/1/31,5.5,3.8,10.3,9,0.3,-0.8,0,1
32,2016/2/1,6.8,3.8,10.6,9,4.2,-0.8,0,1
33,2016/2/2,5.2,3.8,9,9.1,0.7,-0.8,0,1
34,2016/2/3,4.2,3.9,9.8,9.2,-1.1,-0.7,0,1
35,2016/2/4,4.8,4,11,9.3,-1.3,-0.7,0,1
36,2016/2/5,4.7,4.1,10.9,9.4,-0.3,-0.6,0,1.1
37,2016/2/6,3.5,4.2,8.5,9.5,-0.1,-0.5,0,1.1
38,2016/2/7,2.5,4.3,7.8,9.6,-1.5,-0.4,0,1.1
39,2016/2/8,4.1,4.4,10.2,9.8,-2.5,-0.3,0,1.2
40,2016/2/9,6.8,4.5,12.2,9.9,0.2,-0.3,0,1.3
41,2016/2/10,4.6,4.6,11.1,10,-0.8,-0.2,0,1.3
42,2016/2/11,4.9,4.7,11.7,10.1,-1.3,-0.1,0,1.4
43,2016/2/12,8.8,4.8,14.6,10.1,0.5,0,0,1.5
44,2016/2/13,12.3,4.9,14.5,10.2,10.3,0.1,23,1.6
45,2016/2/14,13,5,17.9,10.2,9.1,0.2,5,1.8
46,2016/2/15,5.1,5,9.4,10.2,0.2,0.2,0,1.9
47,2016/2/16,3.5,5.1,8.4,10.2,-2.3,0.3,0,2
48,2016/2/17,5.1,5.1,9.4,10.3,-0.4,0.4,0,2
49,2016/2/18,3.6,5.2,10.6,10.3,-2.9,0.4,0,2.1
50,2016/2/19,7.5,5.2,14.1,10.3,0,0.5,0,2.2
51,2016/2/20,8,5.2,9.1,10.3,7.1,0.5,21.5,2.3
52,2016/2/21,6.5,5.3,11.4,10.3,2.1,0.6,0,2.3
53,2016/2/22,5,5.4,9.4,10.4,-0.4,0.6,0,2.3
54,2016/2/23,6.1,5.4,10,10.5,2.1,0.7,0,2.4
55,2016/2/24,4.9,5.5,8.3,10.5,2,0.8,0,2.4
56,2016/2/25,3.7,5.6,8.8,10.6,-0.7,0.8,0,2.4
57,2016/2/26,3.7,5.7,11.1,10.7,-3,0.9,0,2.4
58,2016/2/27,5.7,5.8,14.1,10.8,0.3,1,0,2.4
59,2016/2/28,7.5,5.9,14.3,10.9,1.7,1,0,2.4
60,2016/2/29,5.3,6,9.5,11,0.5,1.1,1,2.4
61,2016/3/1,2.2,6,6.6,11,-0.7,1.1,0,2.3
62,2016/3/2,4.5,6.1,12.2,11.2,-2.2,1.2,0,2.3
63,2016/3/3,7.9,6.2,15.8,11.3,-0.4,1.2,0,2.3
64,2016/3/4,9.2,6.3,15.1,11.5,3.9,1.3,0,2.3
65,2016/3/5,12.4,6.4,19.8,11.6,4.6,1.4,0,2.3
66,2016/3/6,13.8,6.6,19.1,11.8,8.5,1.5,0,2.3
67,2016/3/7,15.1,6.7,21.9,12,10.1,1.6,0,2.3
68,2016/3/8,13.7,6.9,19,12.1,8.5,1.7,0,2.3
69,2016/3/9,8.2,7,13,12.3,4.7,1.8,47,2.4
70,2016/3/10,7.1,7.2,10.5,12.4,3.4,2,0,2.5
71,2016/3/11,6.8,7.3,11,12.6,2.9,2.1,0,2.5
72,2016/3/12,5.6,7.5,11,12.7,-0.1,2.3,0,2.6
73,2016/3/13,6.5,7.7,11.3,12.9,2.3,2.4,4.5,2.7
74,2016/3/14,6.8,7.8,10.9,13,2.7,2.6,7,2.8
75,2016/3/15,6.1,8,12.4,13.2,0.3,2.7,0,2.9
76,2016/3/16,7.9,8.1,14.5,13.3,2.6,2.9,0,2.9
77,2016/3/17,10.3,8.3,18.2,13.4,2.6,3,0,3
78,2016/3/18,11.7,8.4,14.6,13.6,7.7,3.2,6.5,3.1
79,2016/3/19,13.7,8.6,17.9,13.7,9.5,3.3,1,3.1
80,2016/3/20,9.3,8.7,14.4,13.8,3.9,3.5,0,3.1
81,2016/3/21,7.9,8.8,13.5,13.9,1.7,3.6,0,3.1
82,2016/3/22,9.1,8.9,17.2,14,1.3,3.8,0,3.1
83,2016/3/23,11.7,9,18.7,14.1,4.3,3.9,0,3.1
84,2016/3/24,9.1,9.2,14.4,14.2,4.1,4,0,3.1
85,2016/3/25,6.4,9.3,13.1,14.4,0.4,4.2,0,3.1
86,2016/3/26,6.2,9.4,12.3,14.5,-0.2,4.3,0,3.1
87,2016/3/27,8.1,9.6,14.7,14.7,2.1,4.4,0,3
88,2016/3/28,9.3,9.7,15.7,14.9,3.6,4.6,0,3
89,2016/3/29,10.5,9.9,17.2,15.1,2,4.7,0,2.9
90,2016/3/30,13.1,10.1,19.8,15.3,6.3,4.9,0,2.9
91,2016/3/31,13.7,10.3,19.6,15.5,7.5,5,1,2.9
92,2016/4/1,14.9,10.5,17.7,15.8,12.1,5.2,4.5,2.9
93,2016/4/2,14.9,10.8,20.8,16,10.1,5.4,0,2.9
94,2016/4/3,16,11,20.8,16.3,12,5.6,5.5,2.9
95,2016/4/4,15.2,11.2,19.4,16.6,12.5,5.8,17,2.9
96,2016/4/5,12.9,11.5,16.8,16.8,9.1,6.1,0,3
97,2016/4/6,14.1,11.7,20.2,17.1,6.6,6.3,0.5,3.1
98,2016/4/7,15.4,12,21.5,17.3,11.9,6.6,25.5,3.1
99,2016/4/8,14.2,12.2,19.4,17.5,9.8,6.8,0,3.2
100,2016/4/9,15.1,12.4,21.3,17.8,9.5,7,0,3.2
101,2016/4/10,14.4,12.6,20.2,18,9.8,7.2,0,3.2
102,2016/4/11,12.2,12.8,17.1,18.2,6.4,7.4,0,3.3
103,2016/4/12,10,13,15.4,18.4,3.7,7.6,0,3.3
104,2016/4/13,14.2,13.2,21.6,18.6,7.3,7.8,17,3.3
105,2016/4/14,17.8,13.4,25.8,18.7,13,8,0,3.3
106,2016/4/15,14.3,13.5,19.2,18.9,9.5,8.1,0,3.4
107,2016/4/16,14.9,13.7,20.8,19.1,6.3,8.3,0,3.3
108,2016/4/17,17.7,13.9,23,19.3,12.6,8.4,13.5,3.3
109,2016/4/18,14,14,18.3,19.4,8.9,8.6,0,3.3
110,2016/4/19,13.4,14.2,21.5,19.6,5.2,8.7,0,3.3
111,2016/4/20,14,14.3,20,19.8,6.4,8.9,0,3.2
112,2016/4/21,14.4,14.5,15.7,20,13.1,9,34,3.2
113,2016/4/22,18.6,14.6,24.2,20.1,13.7,9.1,0,3.1
114,2016/4/23,16.5,14.8,22.6,20.3,11.9,9.3,1.5,3.1
115,2016/4/24,16,15,21,20.5,11.5,9.4,0,3
116,2016/4/25,15.2,15.2,22.1,20.7,9.3,9.6,0,3
117,2016/4/26,17.5,15.3,23.5,20.9,10.2,9.8,0,3.1
118,2016/4/27,17.7,15.5,19.9,21,16,10,8,3.1
119,2016/4/28,15.4,15.7,17.9,21.2,9.8,10.2,12.5,3.1
120,2016/4/29,12.7,15.9,20.5,21.4,6.8,10.4,0,3.2
121,2016/4/30,15,16.1,22.5,21.6,6,10.6,0,3.3
122,2016/5/1,18.4,16.3,26.2,21.8,10.4,10.8,0,3.4
123,2016/5/2,18.6,16.5,26.1,22,10.9,11.1,0,3.5
124,2016/5/3,18,16.7,23.6,22.1,13.8,11.3,15,3.6
125,2016/5/4,19.8,16.9,24,22.3,14.2,11.5,0,3.7
126,2016/5/5,19.2,17,24.3,22.4,12.1,11.7,0,3.8
127,2016/5/6,15.7,17.2,17.3,22.6,14.5,11.8,4,3.9
128,2016/5/7,19,17.3,24.8,22.7,14.6,12,0,4.1
129,2016/5/8,18.3,17.4,24.9,22.8,10.4,12.1,0,4.2
130,2016/5/9,15.8,17.5,16.9,22.8,13.8,12.2,12,4.3
131,2016/5/10,17.8,17.6,19.5,22.9,16.2,12.3,5.5,4.5
132,2016/5/11,17.3,17.7,21.4,22.9,12.1,12.4,3.5,4.6
133,2016/5/12,16.3,17.7,23.4,23,8.8,12.5,0,4.6
134,2016/5/13,18.6,17.8,25,23,10.7,12.5,0,4.7
135,2016/5/14,20.4,17.8,26.1,23,14.2,12.6,0,4.7
136,2016/5/15,21.3,17.9,25.9,23.1,15.8,12.7,0,4.7
137,2016/5/16,18.7,18,25,23.2,13,12.8,26,4.6
138,2016/5/17,16.5,18.1,23.3,23.3,9.3,12.9,0,4.5
139,2016/5/18,18.6,18.2,26.6,23.4,10,13,0,4.4
140,2016/5/19,19.1,18.3,25.5,23.5,11.5,13.1,0,4.2
141,2016/5/20,20.8,18.5,27.3,23.7,13.9,13.3,0,4.1
142,2016/5/21,20.4,18.6,27.1,23.8,13.9,13.4,0,3.9
143,2016/5/22,20.7,18.8,27.6,24,13.5,13.6,0,3.7
144,2016/5/23,21,18.9,28.5,24.2,13.9,13.7,0,3.6
145,2016/5/24,21.4,19.1,27.3,24.3,13.5,13.9,0,3.4
146,2016/5/25,20.8,19.2,24.9,24.5,17.6,14.1,2,3.3
147,2016/5/26,23,19.4,26.9,24.6,19.3,14.2,0.5,3.2
148,2016/5/27,23.6,19.6,27,24.8,20.5,14.4,0,3.2
149,2016/5/28,21.1,19.7,23.1,24.9,18.8,14.6,0,3.1
150,2016/5/29,20,19.9,21.5,25.1,18.4,14.8,10,3
151,2016/5/30,22.3,20,26.5,25.2,18.3,15,0.5,3
152,2016/5/31,22.4,20.2,29.3,25.4,15.3,15.2,0,3
153,2016/6/1,20.7,20.4,25.7,25.5,14.7,15.4,0,2.9
154,2016/6/2,18.4,20.5,24,25.6,11.6,15.6,0,2.9
155,2016/6/3,19.1,20.7,26.4,25.8,11.5,15.8,0,2.9
156,2016/6/4,18.8,20.9,22.6,25.9,15.1,16,16.5,3
157,2016/6/5,19,21,23,26,16.3,16.2,25,3
158,2016/6/6,21.8,21.1,26.5,26.1,18.3,16.4,0,3
159,2016/6/7,20.5,21.3,24.1,26.2,18.8,16.6,42.5,3.1
160,2016/6/8,22.4,21.4,26.4,26.2,19.8,16.7,0,3.2
161,2016/6/9,22.1,21.5,26.2,26.3,20,16.9,10.5,3.4
162,2016/6/10,23.5,21.6,28.3,26.4,18.3,17.1,0,3.5
163,2016/6/11,24.1,21.7,29.1,26.4,19,17.3,0,3.8
164,2016/6/12,22.8,21.9,26.3,26.5,20.8,17.5,62.5,4
165,2016/6/13,22.5,22,25.6,26.6,19.9,17.7,4.5,4.3
166,2016/6/14,23.6,22.1,29.5,26.6,18,17.8,0,4.7
167,2016/6/15,24.5,22.2,29.7,26.7,19.2,18.1,0,5.1
168,2016/6/16,23.2,22.3,25.7,26.8,21.5,18.3,9.5,5.5
169,2016/6/17,23,22.5,27,26.8,19.4,18.5,0,6
170,2016/6/18,23.7,22.6,28.8,26.9,17.4,18.7,0,6.5
171,2016/6/19,22,22.7,24.9,27,20.1,18.9,33.5,7
172,2016/6/20,23.8,22.8,28.6,27,22,19.1,9.5,7.5
173,2016/6/21,24.2,22.9,27.9,27.1,21.4,19.3,56,8
174,2016/6/22,22.6,23.1,24.7,27.2,21.7,19.5,78,8.5
175,2016/6/23,25.7,23.2,31.1,27.2,21.8,19.7,70.5,8.9
176,2016/6/24,22.1,23.3,24,27.3,20.3,19.8,39.5,9.2
177,2016/6/25,22.6,23.4,24.6,27.4,19.9,20,0,9.5
178,2016/6/26,22.5,23.5,26.8,27.5,16.9,20.2,0,9.7
179,2016/6/27,21.5,23.6,26.5,27.6,17.5,20.3,26,9.7
180,2016/6/28,21.1,23.8,25.6,27.7,18.8,20.5,3,9.7
181,2016/6/29,21.8,23.9,23.2,27.8,20.8,20.6,43.5,9.6
182,2016/6/30,23.7,24.1,26.9,28,21.3,20.7,0,9.5
183,2016/7/1,25.3,24.2,31,28.1,20.4,20.8,0,9.2
184,2016/7/2,27.6,24.3,33.2,28.3,22.2,21,0,8.9
185,2016/7/3,28.1,24.5,33.5,28.4,23.9,21.1,4,8.5
186,2016/7/4,28.7,24.7,33.6,28.6,24,21.2,0,8.1
187,2016/7/5,28.9,24.8,33.7,28.8,25.5,21.4,0,7.7
188,2016/7/6,28.5,25,34,29,23.7,21.5,0,7.3
189,2016/7/7,27.8,25.1,32.3,29.2,23.3,21.6,0,6.9
190,2016/7/8,23.9,25.3,26,29.4,21.7,21.8,50.5,6.6
191,2016/7/9,24.5,25.4,28.7,29.5,21.8,21.9,36,6.3
192,2016/7/10,27,25.6,30.3,29.7,23.7,22,0,6.2
193,2016/7/11,26.6,25.7,30.6,29.8,23.8,22.1,0,6
194,2016/7/12,28,25.8,32.1,30,24.5,22.3,0,5.9
195,2016/7/13,26,25.9,28.7,30.1,24.9,22.4,27,5.9
196,2016/7/14,26.7,26,31.1,30.2,23.7,22.5,26.5,5.8
197,2016/7/15,24.3,26.1,28.3,30.4,20.8,22.5,0,5.7
198,2016/7/16,24.4,26.3,28.7,30.5,19.2,22.6,0,5.6
199,2016/7/17,25.8,26.4,30.3,30.7,23.4,22.7,1.5,5.5
200,2016/7/18,26.9,26.5,31.5,30.8,21.9,22.8,0,5.3
201,2016/7/19,27.1,26.6,31.3,31,22.9,22.9,0,5.1
202,2016/7/20,27.1,26.7,31.1,31.1,22.6,23,0,4.9
203,2016/7/21,27.2,26.9,31.5,31.3,23.3,23.1,0,4.7
204,2016/7/22,26.6,27,30.8,31.5,22.6,23.2,0,4.6
205,2016/7/23,27.1,27.1,33,31.6,22.1,23.3,0,4.4
206,2016/7/24,27.7,27.3,32.4,31.8,23.1,23.4,0,4.2
207,2016/7/25,27.2,27.4,31,31.9,25,23.5,0,4
208,2016/7/26,27.6,27.5,32,32.1,23.4,23.5,0,3.9
209,2016/7/27,28.1,27.6,33.1,32.2,24.4,23.6,0,3.8
210,2016/7/28,28.2,27.6,34.2,32.3,23.4,23.7,0,3.7
211,2016/7/29,28.6,27.7,33.7,32.4,24.3,23.7,0,3.5
212,2016/7/30,28.6,27.8,32.9,32.5,24.4,23.8,0,3.4
213,2016/7/31,28.4,27.8,33.4,32.5,25,23.8,0,3.2
214,2016/8/1,28.7,27.9,33.8,32.6,23.7,23.8,0,3.1
215,2016/8/2,27.3,27.9,32.4,32.7,24,23.8,2,3
216,2016/8/3,28,27.9,33,32.7,23.5,23.8,0,2.9
217,2016/8/4,28.8,27.9,34.1,32.8,24.3,23.9,0,2.8
218,2016/8/5,29.1,27.9,34.8,32.8,24.4,23.9,0,2.7
219,2016/8/6,29.7,27.9,36.4,32.8,24.7,23.9,0,2.6
220,2016/8/7,29.5,27.9,34.1,32.8,25.3,23.9,0,2.5
221,2016/8/8,29.2,27.9,33.8,32.8,24.7,23.9,0,2.5
222,2016/8/9,29.8,27.9,35,32.8,24.5,23.9,0,2.5
223,2016/8/10,28.7,27.9,34.1,32.7,23.6,23.9,0,2.5
224,2016/8/11,28.3,27.9,33.8,32.7,22.3,23.9,0,2.5
225,2016/8/12,28.9,27.9,35.1,32.7,23.3,23.9,0,2.6
226,2016/8/13,29.3,27.8,35.4,32.6,23.7,23.9,0,2.6
227,2016/8/14,30.2,27.8,35.8,32.6,24.8,23.9,0,2.6
228,2016/8/15,30,27.7,34.3,32.6,26.5,23.9,0,2.6
229,2016/8/16,29,27.7,33.2,32.5,25.8,23.8,0,2.6
230,2016/8/17,29.2,27.7,33.7,32.5,25.3,23.8,0,2.6
231,2016/8/18,28.7,27.6,34.5,32.4,23.2,23.7,0,2.6
232,2016/8/19,29.8,27.5,35,32.4,25.1,23.6,0,2.6
233,2016/8/20,30.1,27.5,35.1,32.3,25.6,23.5,0,2.5
234,2016/8/21,30.8,27.4,36.4,32.3,26.6,23.4,0,2.5
235,2016/8/22,29,27.3,35.5,32.2,25,23.4,11,2.6
236,2016/8/23,29,27.2,33.8,32.1,23.3,23.3,0,2.6
237,2016/8/24,29.3,27.2,35.3,32,24.9,23.2,0,2.7
238,2016/8/25,29.4,27.1,34.5,32,25.1,23.1,0,2.7
239,2016/8/26,28.2,27,34.6,31.9,24.7,23,1,2.8
240,2016/8/27,26.6,26.9,30.2,31.8,24.3,22.9,0,2.9
241,2016/8/28,26.3,26.8,30.4,31.7,22.4,22.8,0,3
242,2016/8/29,24.6,26.8,29.4,31.6,21.3,22.7,12,3.1
243,2016/8/30,23.5,26.7,27.3,31.5,18.6,22.6,0,3.2
244,2016/8/31,25.7,26.5,29.6,31.4,20,22.4,0,3.2
245,2016/9/1,24.6,26.4,31.1,31.2,18.5,22.3,0,3.3
246,2016/9/2,26.3,26.3,32.6,31.1,20.3,22.2,0,3.4
247,2016/9/3,27.8,26.1,32.5,30.9,22.7,22,0,3.5
248,2016/9/4,27.7,25.9,32.7,30.7,25.7,21.9,0.5,3.5
249,2016/9/5,26,25.8,29.8,30.5,24.3,21.7,12,3.6
250,2016/9/6,27.8,25.6,32.7,30.3,23.7,21.6,0,3.7
251,2016/9/7,27.7,25.4,33.2,30.1,24.5,21.4,0,3.7
252,2016/9/8,25.2,25.2,30,29.8,21.6,21.2,23.5,3.8
253,2016/9/9,24.6,25,29.2,29.6,20.7,21,0,3.9
254,2016/9/10,24.7,24.8,29.5,29.4,19.9,20.8,0,4
255,2016/9/11,26.2,24.6,31.3,29.2,22.4,20.6,0,4.1
256,2016/9/12,25,24.4,27.6,29,23.3,20.4,8.5,4.1
257,2016/9/13,24.4,24.2,28.1,28.8,21.5,20.2,33,4.2
258,2016/9/14,24.7,24,27.9,28.6,22.8,20,0,4.2
259,2016/9/15,25.4,23.8,28.9,28.4,22.4,19.8,0,4.3
260,2016/9/16,25.8,23.6,30.3,28.3,22.7,19.6,0,4.3
261,2016/9/17,26.4,23.4,31.9,28.1,23,19.3,2,4.3
262,2016/9/18,25.1,23.2,26.5,27.9,23.8,19.1,10.5,4.4
263,2016/9/19,23.2,23,27.5,27.7,19.3,18.9,8.5,4.4
264,2016/9/20,20.5,22.8,24.5,27.5,18.3,18.7,65,4.5
265,2016/9/21,21.8,22.6,25.2,27.3,17.4,18.4,0,4.6
266,2016/9/22,21.1,22.3,22.5,27.1,19.8,18.2,27,4.7
267,2016/9/23,22,22.1,26.9,26.9,19.6,18,0,4.7
268,2016/9/24,23.4,21.9,28.1,26.7,19.1,17.7,0,4.8
269,2016/9/25,22.9,21.7,26.1,26.5,21,17.5,25.5,4.8
270,2016/9/26,24.1,21.5,28.1,26.2,21.6,17.3,24.5,4.8
271,2016/9/27,26.1,21.2,31,26,21,17.1,2.5,4.8
272,2016/9/28,25.8,21,29,25.8,24.2,16.8,4.5,4.7
273,2016/9/29,21.9,20.8,24.7,25.6,19.1,16.6,15.5,4.5
274,2016/9/30,20.4,20.6,23.5,25.5,18.1,16.4,6.5,4.4
275,2016/10/1,22.3,20.4,26,25.3,19.9,16.1,2.5,4.2
276,2016/10/2,25.5,20.2,29.4,25.1,21.4,15.9,0,4
277,2016/10/3,25.5,20,29.3,25,23.3,15.7,0,3.9
278,2016/10/4,25,19.8,29.6,24.8,21.7,15.5,0,3.7
279,2016/10/5,24.6,19.7,30.5,24.7,21.2,15.3,0,3.5
280,2016/10/6,22.9,19.5,27.6,24.5,17.7,15,0,3.3
281,2016/10/7,19.9,19.3,25,24.4,15,14.8,0,3.2
282,2016/10/8,22.9,19.1,27.5,24.3,18.2,14.6,2.5,3.1
283,2016/10/9,20.7,18.9,25.4,24.2,15.3,14.4,13.5,3
284,2016/10/10,18,18.8,24.1,24,13.2,14.1,0,2.9
285,2016/10/11,16.8,18.6,20.9,23.9,13.3,13.9,0,2.9
286,2016/10/12,17.9,18.4,24.3,23.7,13,13.7,0,2.8
287,2016/10/13,16.4,18.2,21.2,23.6,13.8,13.4,0,2.8
288,2016/10/14,16.4,17.9,23,23.4,12,13.1,0,2.8
289,2016/10/15,16.8,17.7,24.9,23.2,9.7,12.9,0,2.7
290,2016/10/16,19.3,17.5,24.5,23,14.2,12.6,3.5,2.7
291,2016/10/17,20.6,17.2,25,22.8,18.6,12.3,14.5,2.7
292,2016/10/18,22.7,17,27.2,22.6,18.5,12.1,0,2.7
293,2016/10/19,21.2,16.8,24.6,22.3,18.2,11.8,0,2.6
294,2016/10/20,20.9,16.5,25.2,22.1,17.4,11.6,0,2.5
295,2016/10/21,18.1,16.3,21.3,21.9,14.5,11.3,0,2.5
296,2016/10/22,15.5,16.1,16.3,21.7,13.9,11.1,9.5,2.4
297,2016/10/23,17.1,15.9,21.2,21.4,13.7,10.9,0,2.3
298,2016/10/24,16,15.7,21.8,21.2,10.7,10.7,0,2.2
299,2016/10/25,16.9,15.5,23.2,21,9.9,10.5,0,2.1
300,2016/10/26,20.3,15.3,24.1,20.8,16.7,10.3,0,2.1
301,2016/10/27,18.6,15.1,25,20.6,13.3,10.1,0,2
302,2016/10/28,16.5,14.9,19.6,20.5,14.5,10,0.5,2
303,2016/10/29,16.6,14.8,22.3,20.3,11.5,9.8,0,2
304,2016/10/30,13.6,14.6,19,20.1,9.5,9.7,0,2
305,2016/10/31,14.2,14.4,19.8,20,9.1,9.5,6.5,2
306,2016/11/1,13.6,14.3,18.9,19.9,8.6,9.4,2.5,2
307,2016/11/2,12.5,14.2,17,19.7,7.7,9.3,0,2.1
308,2016/11/3,11.2,14,18.1,19.6,6.3,9.2,0,2.1
309,2016/11/4,11.1,13.9,18.5,19.4,4.7,9,0,2.1
310,2016/11/5,12.9,13.8,20.9,19.3,6.3,8.9,0,2.1
311,2016/11/6,13.2,13.6,20.8,19.1,7.4,8.8,0,2.1
312,2016/11/7,11.1,13.5,18,19,4.7,8.7,0,2.1
313,2016/11/8,13.5,13.3,18,18.8,9.1,8.5,0,2
314,2016/11/9,9.7,13.2,16.1,18.6,4.6,8.4,0,2
315,2016/11/10,9.1,13,13.1,18.4,5.1,8.2,4.5,1.9
316,2016/11/11,11.7,12.8,18.7,18.1,6.7,8,0,1.9
317,2016/11/12,11.9,12.5,19.6,17.9,5.4,7.8,0,1.8
318,2016/11/13,13.9,12.3,19.7,17.6,8.5,7.5,0,1.8
319,2016/11/14,15.2,12,17.4,17.4,12.9,7.3,4.5,1.7
320,2016/11/15,16.3,11.8,22.8,17.1,9.3,7,0,1.6
321,2016/11/16,10.8,11.5,16.3,16.9,6.4,6.7,0,1.6
322,2016/11/17,11.6,11.3,18.7,16.7,5.4,6.4,0,1.5
323,2016/11/18,12.7,11,17.8,16.5,7.1,6.2,7.5,1.4
324,2016/11/19,16.9,10.8,21.3,16.3,13.3,5.9,11,1.4
325,2016/11/20,16.5,10.6,21.9,16.1,12.6,5.7,0.5,1.4
326,2016/11/21,14.8,10.4,17.6,15.9,12.2,5.5,0,1.4
327,2016/11/22,16.1,10.2,22.1,15.7,10.5,5.3,0,1.4
328,2016/11/23,11.6,10,14.8,15.5,9.2,5.1,0,1.4
329,2016/11/24,10.2,9.9,15.4,15.4,5.9,4.9,0,1.4
330,2016/11/25,9.2,9.7,15.6,15.2,5,4.7,0,1.4
331,2016/11/26,9.3,9.5,15.1,15.1,2.4,4.6,5,1.4
332,2016/11/27,10.6,9.4,11.9,14.9,9.5,4.4,23,1.4
333,2016/11/28,9.7,9.2,13.8,14.7,5.7,4.3,0,1.4
334,2016/11/29,8.5,9.1,15.7,14.6,3.4,4.1,0,1.4
335,2016/11/30,8.7,8.9,12.2,14.4,3.5,3.9,0,1.4
336,2016/12/1,12.5,8.7,18.5,14.2,8.5,3.7,0,1.4
337,2016/12/2,9,8.5,15,14,4.5,3.6,0,1.4
338,2016/12/3,8.7,8.4,15.5,13.8,2.7,3.4,0,1.4
339,2016/12/4,8.7,8.2,11,13.7,4.2,3.2,24,1.3
340,2016/12/5,11.4,8,17.5,13.5,6.2,3.1,0,1.3
341,2016/12/6,9.3,7.9,14.7,13.3,3,3,0,1.3
342,2016/12/7,7.1,7.7,13.8,13.1,0.9,2.8,0,1.3
343,2016/12/8,7.6,7.6,13.8,12.9,2.4,2.7,0,1.2
344,2016/12/9,9.5,7.4,17.1,12.8,4.4,2.6,0,1.2
345,2016/12/10,7.9,7.3,13,12.6,2.8,2.5,0,1.2
346,2016/12/11,7.2,7.1,13.9,12.4,1.6,2.4,0,1.1
347,2016/12/12,6.5,7,10.1,12.3,1.4,2.3,0,1.1
348,2016/12/13,8.9,6.8,10,12.1,7.5,2.1,17,1.1
349,2016/12/14,7.4,6.7,10,12,2,2,1,1
350,2016/12/15,5.2,6.6,9.3,11.9,2.4,1.9,0.5,1
351,2016/12/16,4.2,6.4,10.1,11.7,0.1,1.8,0,1
352,2016/12/17,5.4,6.3,12.5,11.6,-0.8,1.7,0,1
353,2016/12/18,5.7,6.2,13.2,11.5,-0.7,1.6,0,0.9
354,2016/12/19,8,6.1,14.5,11.4,1.4,1.5,0,0.9
355,2016/12/20,10.5,6,15.8,11.4,7.7,1.4,0,0.9
356,2016/12/21,9.8,6,15.8,11.3,5,1.3,0,0.9
357,2016/12/22,13.3,5.9,16.8,11.2,9.3,1.2,4.5,0.9
358,2016/12/23,8.9,5.8,13.3,11.2,5.8,1.2,3.5,0.9
359,2016/12/24,7.3,5.7,12.1,11.1,2.2,1.1,0,0.8
360,2016/12/25,8.3,5.6,13.1,11,5.4,1,0,0.8
361,2016/12/26,7.7,5.6,9.4,10.9,4.6,0.9,15,0.8
362,2016/12/27,10.1,5.5,14.9,10.8,5.8,0.8,15.5,0.8
363,2016/12/28,4.5,5.4,8.6,10.7,0.7,0.8,0,0.9
364,2016/12/29,3.5,5.3,8.4,10.6,-0.4,0.7,0,0.9
365,2016/12/30,4.3,5.2,10.6,10.5,-0.8,0.6,0,0.9
366,2016/12/31,5,5.1,12.6,10.4,-1,0.5,0,0.9
367,2017/1/1,5.8,5,12.9,10.2,0.2,0.5,0,1
368,2017/1/2,6.3,5,14.4,10.1,0.5,0.4,0,1
369,2017/1/3,7.5,4.9,15.6,10,2.2,0.3,0,1.1
370,2017/1/4,7.2,4.8,15.7,9.9,0.2,0.3,0,1.1
371,2017/1/5,6.5,4.8,10.7,9.8,2.8,0.2,0,1.1
372,2017/1/6,5.7,4.7,11.1,9.8,1.4,0.2,0,1.2
373,2017/1/7,5.1,4.7,10.6,9.7,-0.8,0.2,0,1.2
374,2017/1/8,7,4.7,8.3,9.7,5.4,0.2,14.5,1.2
375,2017/1/9,7.3,4.6,12.6,9.6,3.7,0.1,0,1.2
376,2017/1/10,6.4,4.6,14.3,9.6,0.9,0.1,0,1.2
377,2017/1/11,4.3,4.6,10.2,9.5,0.3,0.1,0,1.2
378,2017/1/12,4.5,4.5,9.6,9.5,-0.1,0.1,0,1.2
379,2017/1/13,5,4.5,8.3,9.4,1.3,0.1,0,1.3
380,2017/1/14,1.8,4.4,6.1,9.4,-1.4,0,0,1.3
381,2017/1/15,0.6,4.4,5.5,9.3,-3.3,0,1.5,1.3
382,2017/1/16,2.3,4.3,8.5,9.3,-1.4,0,0,1.3
383,2017/1/17,3.2,4.3,9.3,9.2,-2.2,-0.1,0,1.3
384,2017/1/18,4.3,4.2,10.6,9.2,-1.6,-0.2,0,1.3
385,2017/1/19,6.3,4.1,10.7,9.1,2,-0.2,0,1.3
386,2017/1/20,4.3,4.1,10.4,9.1,1.2,-0.3,1,1.2
387,2017/1/21,3.9,4,9.6,9,-1.6,-0.4,0,1.2
388,2017/1/22,4.2,4,10.3,9,0.2,-0.4,0,1.2
389,2017/1/23,1.7,3.9,6.4,9,-1.5,-0.5,0,1.2
390,2017/1/24,1.9,3.8,7.1,8.9,-2.5,-0.6,0,1.1
391,2017/1/25,2,3.8,9.1,8.9,-3,-0.6,0,1.1
392,2017/1/26,2.6,3.8,10,8.9,-3.4,-0.7,0,1.1
393,2017/1/27,6,3.7,13.8,8.9,-1,-0.8,0,1
394,2017/1/28,5.2,3.7,11.2,8.9,-0.2,-0.8,0,1
395,2017/1/29,5.8,3.7,9.8,8.9,0.8,-0.8,9,1
396,2017/1/30,8.3,3.7,13.8,9,3.6,-0.8,1.5,1
397,2017/1/31,3.4,3.8,8.3,9,-0.8,-0.8,0,1
398,2017/2/1,4.1,3.8,10.8,9,-1.3,-0.8,0,1
399,2017/2/2,4.1,3.8,12.1,9.1,-1.2,-0.8,0,1
400,2017/2/3,5.4,3.9,14.5,9.2,-1.4,-0.7,0,1
401,2017/2/4,5.9,4,11.9,9.3,0,-0.7,0,1
402,2017/2/5,7,4.1,9.1,9.4,5.2,-0.6,9.5,1.1
403,2017/2/6,6.4,4.2,11.1,9.5,0.9,-0.5,3,1.1
404,2017/2/7,3.9,4.3,10.5,9.6,-0.5,-0.4,0,1.1
405,2017/2/8,3.9,4.4,8.7,9.8,-1.5,-0.3,0.5,1.2
406,2017/2/9,4.7,4.5,8.8,9.9,2.3,-0.3,3.5,1.3
407,2017/2/10,2.2,4.6,6.3,10,-0.6,-0.2,0,1.3
408,2017/2/11,1.2,4.7,7.1,10.1,-3.7,-0.1,0,1.4
409,2017/2/12,1.8,4.8,8.9,10.1,-3.6,0,0,1.5
410,2017/2/13,3.2,4.9,10.3,10.2,-3.3,0.1,0,1.6
411,2017/2/14,4.1,5,11,10.2,-1.5,0.2,0,1.8
412,2017/2/15,3.8,5,10.1,10.2,-2.4,0.2,0,1.9
413,2017/2/16,5.7,5.1,13.2,10.2,-1.4,0.3,0,2
414,2017/2/17,8.8,5.1,14.9,10.3,3.7,0.4,0,2
415,2017/2/18,8.1,5.2,12.2,10.3,4.3,0.4,1,2.1
416,2017/2/19,5.7,5.2,12,10.3,-0.1,0.5,0,2.2
417,2017/2/20,6.9,5.2,13.3,10.3,2.8,0.5,10,2.3
418,2017/2/21,5.1,5.3,10.7,10.3,0.3,0.6,0,2.3
419,2017/2/22,4.1,5.4,9,10.4,-2.1,0.6,2,2.3
420,2017/2/23,9.3,5.4,14.1,10.5,6.2,0.7,10,2.4
421,2017/2/24,5.7,5.5,11,10.5,0.5,0.8,0,2.4
422,2017/2/25,5.4,5.6,11,10.6,-0.7,0.8,0,2.4
423,2017/2/26,5.6,5.7,11.2,10.7,-0.6,0.9,0,2.4
424,2017/2/27,5.7,5.8,11.1,10.8,0.3,1,0,2.4
425,2017/2/28,4.2,5.9,9.9,10.9,-1.7,1,0,2.4
426,2017/3/1,5.1,6,11.2,11,-0.3,1.1,0,2.3
427,2017/3/2,6.9,6.1,12.2,11.2,1.9,1.2,0.5,2.3
428,2017/3/3,7.1,6.2,13.4,11.3,1.2,1.2,0,2.3
429,2017/3/4,7.7,6.3,15.1,11.5,1.8,1.3,0,2.3
430,2017/3/5,7.8,6.4,13.4,11.6,1.5,1.4,0,2.3
431,2017/3/6,8.3,6.6,15.4,11.8,3.6,1.5,0,2.3
432,2017/3/7,5.3,6.7,11.3,12,-0.6,1.6,0,2.3
433,2017/3/8,3.5,6.9,10.4,12.1,-1.2,1.7,0,2.3
434,2017/3/9,4.6,7,11.4,12.3,-1.7,1.8,0,2.4
435,2017/3/10,8.6,7.2,16.1,12.4,0.1,2,0,2.5
436,2017/3/11,6.5,7.3,13.9,12.6,-0.2,2.1,0,2.5
437,2017/3/12,6.8,7.5,14.4,12.7,-0.1,2.3,0,2.6
438,2017/3/13,9.6,7.7,14.9,12.9,5.2,2.4,0,2.7
439,2017/3/14,9.6,7.8,14.4,13,5.8,2.6,0,2.8
440,2017/3/15,7.1,8,12.8,13.2,1.7,2.7,0,2.9
441,2017/3/16,6.7,8.1,12.3,13.3,0.1,2.9,0,2.9
442,2017/3/17,7.3,8.3,13.4,13.4,0.4,3,0,3
443,2017/3/18,7.3,8.4,13.5,13.6,1,3.2,0,3.1
444,2017/3/19,8.7,8.6,16.6,13.7,0.5,3.3,0,3.1
445,2017/3/20,10,8.7,16.4,13.8,3,3.5,6.5,3.1
446,2017/3/21,9.4,8.8,14.1,13.9,5.3,3.6,9,3.1
447,2017/3/22,7.6,8.9,13,14,0.8,3.8,0,3.1
448,2017/3/23,9,9,13.7,14.1,5.3,3.9,0,3.1
449,2017/3/24,8.3,9.2,15.1,14.2,3.4,4,0,3.1
450,2017/3/25,7.1,9.3,11.6,14.4,3.6,4.2,0,3.1
451,2017/3/26,8.6,9.4,13.6,14.5,2.5,4.3,0,3.1
452,2017/3/27,8.4,9.6,13.8,14.7,5.5,4.4,2.5,3
453,2017/3/28,7.6,9.7,12.9,14.9,2.6,4.6,1,3
454,2017/3/29,10.1,9.9,15.7,15.1,4.4,4.7,0.5,2.9
455,2017/3/30,12.9,10.1,17.9,15.3,8.1,4.9,0,2.9
456,2017/3/31,6.9,10.3,12.5,15.5,3,5,28.5,2.9
457,2017/4/1,8.2,10.5,13.8,15.8,4.3,5.2,0,2.9
458,2017/4/2,8.2,10.8,14.1,16,3.7,5.4,0,2.9
459,2017/4/3,9.7,11,16.8,16.3,1.3,5.6,0,2.9
460,2017/4/4,12.2,11.2,20.9,16.6,3.4,5.8,0,2.9
461,2017/4/5,13.1,11.5,19.4,16.8,7.3,6.1,0,3
462,2017/4/6,14.4,11.7,19.1,17.1,10.2,6.3,8,3.1
463,2017/4/7,15.9,12,18.8,17.3,13.9,6.6,9,3.1
464,2017/4/8,16.6,12.2,19.6,17.5,14.8,6.8,0.5,3.2
465,2017/4/9,16.5,12.4,21.2,17.8,10.9,7,0.5,3.2
466,2017/4/10,11.9,12.6,14,18,8.9,7.2,0,3.2
467,2017/4/11,12.7,12.8,14.7,18.2,10.9,7.4,7.5,3.3
468,2017/4/12,12.4,13,19.3,18.4,6.8,7.6,0,3.3
469,2017/4/13,12,13.2,19.3,18.6,3.2,7.8,0,3.3
470,2017/4/14,15.1,13.4,24.3,18.7,6.5,8,0,3.3
471,2017/4/15,16.3,13.5,23.4,18.9,9.1,8.1,3,3.4
472,2017/4/16,17.6,13.7,24.4,19.1,12,8.3,1,3.3
473,2017/4/17,16.7,13.9,18.9,19.3,13.7,8.4,40,3.3
474,2017/4/18,16.4,14,20.8,19.4,12.4,8.6,3.5,3.3
475,2017/4/19,16.3,14.2,21.5,19.6,9.4,8.7,0,3.3
476,2017/4/20,13.2,14.3,18.1,19.8,7.2,8.9,0,3.2
477,2017/4/21,15.1,14.5,18.7,20,12.1,9,0,3.2
478,2017/4/22,14.9,14.6,19.8,20.1,7.8,9.1,0,3.1
479,2017/4/23,12.6,14.8,18.9,20.3,4.5,9.3,0,3.1
480,2017/4/24,15.4,15,21.8,20.5,6.6,9.4,0,3
481,2017/4/25,17.8,15.2,23.3,20.7,11.3,9.6,0,3
482,2017/4/26,15.2,15.3,16.2,20.9,14.3,9.8,18,3.1
483,2017/4/27,14.5,15.5,18.2,21,10,10,0,3.1
484,2017/4/28,13.7,15.7,20.8,21.2,6.3,10.2,0,3.1
485,2017/4/29,15.8,15.9,22.1,21.4,9.5,10.4,0.5,3.2
486,2017/4/30,17.5,16.1,25.7,21.6,7.1,10.6,0,3.3
487,2017/5/1,18.5,16.3,24.9,21.8,11.4,10.8,0,3.4
488,2017/5/2,15.8,16.5,21.8,22,8.3,11.1,0,3.5
489,2017/5/3,18.3,16.7,25.3,22.1,11.6,11.3,0,3.6
490,2017/5/4,20.5,16.9,27.2,22.3,14.3,11.5,0,3.7
491,2017/5/5,21.3,17,26,22.4,17.6,11.7,0,3.8
492,2017/5/6,19.9,17.2,23.1,22.6,16.7,11.8,0.5,3.9
493,2017/5/7,19,17.3,24.8,22.7,13.7,12,0,4.1
494,2017/5/8,19.2,17.4,26.6,22.8,10.7,12.1,0,4.2
495,2017/5/9,16.8,17.5,20.9,22.8,13.8,12.2,11,4.3
496,2017/5/10,17.4,17.6,21.6,22.9,14.5,12.3,0,4.5
497,2017/5/11,20.2,17.7,26.1,22.9,14.2,12.4,0,4.6
498,2017/5/12,19.6,17.7,24.7,23,15.1,12.5,7.5,4.6
499,2017/5/13,17.9,17.8,22.6,23,14.8,12.5,8.5,4.7
500,2017/5/14,19.5,17.8,25.6,23,13.5,12.6,0,4.7
501,2017/5/15,18.2,17.9,23,23.1,12.4,12.7,0,4.7
502,2017/5/16,16.3,18,21.3,23.2,11.4,12.8,0,4.6
503,2017/5/17,17.1,18.1,23.9,23.3,12.2,12.9,0,4.5
504,2017/5/18,18.4,18.2,24.7,23.4,11.7,13,0,4.4
505,2017/5/19,19.8,18.3,27.9,23.5,11.6,13.1,0,4.2
506,2017/5/20,21.1,18.5,28.8,23.7,13.3,13.3,0,4.1
507,2017/5/21,20.8,18.6,27.2,23.8,14.8,13.4,0,3.9
508,2017/5/22,21.5,18.8,28.2,24,14.5,13.6,0,3.7
509,2017/5/23,21.9,18.9,28.8,24.2,15.3,13.7,0,3.6
510,2017/5/24,19.5,19.1,21.2,24.3,18.7,13.9,19.5,3.4
511,2017/5/25,20.6,19.2,24.2,24.5,17.5,14.1,7.5,3.3
512,2017/5/26,19,19.4,25.5,24.6,12.4,14.2,0,3.2
513,2017/5/27,17.2,19.6,22.9,24.8,10.1,14.4,0,3.2
514,2017/5/28,19.1,19.7,26,24.9,11.4,14.6,0,3.1
515,2017/5/29,21.8,19.9,29,25.1,13.8,14.8,0,3
516,2017/5/30,22.4,20,28.4,25.2,15.6,15,0,3
517,2017/5/31,21.7,20.2,26.6,25.4,17.1,15.2,0,3
518,2017/6/1,21.5,20.4,27.7,25.5,15.9,15.4,15.5,2.9
519,2017/6/2,20.2,20.5,25.9,25.6,13.8,15.6,1.5,2.9
520,2017/6/3,18.9,20.7,25.5,25.8,11.3,15.8,0,2.9
521,2017/6/4,19.7,20.9,25.5,25.9,12.5,16,0,3
522,2017/6/5,19.9,21,25.5,26,12.3,16.2,0,3
523,2017/6/6,20,21.1,24.9,26.1,13.5,16.4,0,3
524,2017/6/7,18.6,21.3,19.5,26.2,17.1,16.6,46.5,3.1
525,2017/6/8,21,21.4,25.5,26.2,16.2,16.7,0,3.2
526,2017/6/9,20.8,21.5,27.7,26.3,13.7,16.9,0,3.4
527,2017/6/10,22,21.6,27.5,26.4,14.9,17.1,0,3.5
528,2017/6/11,20.9,21.7,25.4,26.4,16.4,17.3,0,3.8
529,2017/6/12,18.3,21.9,22.8,26.5,12.3,17.5,0,4
530,2017/6/13,18.6,22,23.2,26.6,12.1,17.7,0,4.3
531,2017/6/14,20.5,22.1,27,26.6,13.4,17.8,0,4.7
532,2017/6/15,22.1,22.2,28.9,26.7,14,18.1,0,5.1
533,2017/6/16,22.9,22.3,27.7,26.8,16.8,18.3,0,5.5
534,2017/6/17,21.1,22.5,27,26.8,14.7,18.5,0,6
535,2017/6/18,22.7,22.6,27.8,26.9,16.7,18.7,0,6.5
536,2017/6/19,24,22.7,31.2,27,16.6,18.9,0,7
537,2017/6/20,23.3,22.8,28.1,27,18.1,19.1,5.5,7.5
538,2017/6/21,22.5,22.9,27.5,27.1,19.5,19.3,1,8
539,2017/6/22,21.9,23.1,26.2,27.2,18.1,19.5,0,8.5
540,2017/6/23,23.6,23.2,30.1,27.2,17.3,19.7,0,8.9
541,2017/6/24,22.4,23.3,25.9,27.3,19.3,19.8,22,9.2
542,2017/6/25,23.2,23.4,26.4,27.4,21.1,20,3,9.5
543,2017/6/26,23.2,23.5,27.7,27.5,20,20.2,0,9.7
544,2017/6/27,22.9,23.6,27.7,27.6,19.3,20.3,1.5,9.7
545,2017/6/28,23,23.8,26.1,27.7,20.8,20.5,13.5,9.7
546,2017/6/29,23.8,23.9,27.9,27.8,22,20.6,20.5,9.6
547,2017/6/30,24.8,24.1,30,28,22.4,20.7,52,9.5
548,2017/7/1,27.4,24.2,32,28.1,23.6,20.8,14,9.2
549,2017/7/2,28,24.3,32.3,28.3,24.3,21,0,8.9
550,2017/7/3,28.3,24.5,32.5,28.4,23.1,21.1,0,8.5
551,2017/7/4,26.3,24.7,28.8,28.6,23.7,21.2,7.5,8.1
552,2017/7/5,23.3,24.8,24.8,28.8,21.2,21.4,74,7.7
553,2017/7/6,24.7,25,28.9,29,20.5,21.5,0,7.3
554,2017/7/7,25.2,25.1,29,29.2,23.1,21.6,0,6.9
555,2017/7/8,25.9,25.3,29.6,29.4,23.4,21.8,1.5,6.6
556,2017/7/9,25.6,25.4,29,29.5,23.6,21.9,29.5,6.3
557,2017/7/10,27,25.6,32,29.7,23.4,22,0,6.2
558,2017/7/11,28.7,25.7,33.9,29.8,24.5,22.1,0,6
559,2017/7/12,27.3,25.8,31,30,24.6,22.3,2,5.9
560,2017/7/13,27.3,25.9,32.5,30.1,23,22.4,0,5.9
561,2017/7/14,27.1,26,32.8,30.2,22.1,22.5,0,5.8
562,2017/7/15,27.5,26.1,33.2,30.4,22.6,22.5,0,5.7
563,2017/7/16,28.1,26.3,32.5,30.5,23.3,22.6,0,5.6
564,2017/7/17,27.9,26.4,32.4,30.7,23.7,22.7,0,5.5
565,2017/7/18,25.9,26.5,29.6,30.8,24.3,22.8,15.5,5.3
566,2017/7/19,27.1,26.6,32.5,31,23.1,22.9,0,5.1
567,2017/7/20,28.5,26.7,33.1,31.1,24.1,23,0,4.9
568,2017/7/21,28.7,26.9,33.7,31.3,24.7,23.1,0,4.7
569,2017/7/22,28.8,27,33.9,31.5,25,23.2,0,4.6
570,2017/7/23,28.6,27.1,32.7,31.6,24.9,23.3,0,4.4
571,2017/7/24,28.7,27.3,32.1,31.8,25.2,23.4,0,4.2
572,2017/7/25,28.9,27.4,32.9,31.9,25.8,23.5,15.5,4
573,2017/7/26,28.5,27.5,32.2,32.1,25.9,23.5,0,3.9
574,2017/7/27,28.4,27.6,32,32.2,24.6,23.6,0,3.8
575,2017/7/28,29.3,27.6,33.9,32.3,25.9,23.7,10,3.7
576,2017/7/29,29.2,27.7,33.5,32.4,26.3,23.7,0,3.5
577,2017/7/30,29.5,27.8,34.2,32.5,25.7,23.8,0.5,3.4
578,2017/7/31,29.8,27.8,35.4,32.5,26.1,23.8,0,3.2
579,2017/8/1,29.6,27.9,33.9,32.6,25.6,23.8,0,3.1
580,2017/8/2,29,27.9,34.4,32.7,23.8,23.8,0,3
581,2017/8/3,30.2,27.9,35.2,32.7,25.4,23.8,0,2.9
582,2017/8/4,30.8,27.9,36.1,32.8,26.6,23.9,0,2.8
583,2017/8/5,31.4,27.9,36.8,32.8,27.5,23.9,0,2.7
584,2017/8/6,31.1,27.9,37.6,32.8,27.1,23.9,0,2.6
585,2017/8/7,26.7,27.9,29.5,32.8,25.2,23.9,66,2.5
586,2017/8/8,28,27.9,32.3,32.8,24.1,23.9,0,2.5
587,2017/8/9,27.8,27.9,31.4,32.8,24,23.9,0,2.5
588,2017/8/10,29.4,27.9,34.1,32.7,25.3,23.9,0,2.5
589,2017/8/11,28.7,27.9,32.9,32.7,25.1,23.9,0,2.5
590,2017/8/12,27,27.9,31.1,32.7,23.7,23.9,0,2.6
591,2017/8/13,26.6,27.8,32.2,32.6,22,23.9,0,2.6
592,2017/8/14,26.4,27.8,30.3,32.6,23.4,23.9,1,2.6
593,2017/8/15,26.3,27.7,29.8,32.6,23.8,23.9,3.5,2.6
594,2017/8/16,27.6,27.7,32,32.5,23.9,23.8,0,2.6
595,2017/8/17,29,27.7,33.4,32.5,25.6,23.8,0,2.6
596,2017/8/18,27.6,27.6,32.7,32.4,24.3,23.7,2.5,2.6
597,2017/8/19,28.1,27.5,33.1,32.4,23.6,23.6,0,2.6
598,2017/8/20,28.3,27.5,34,32.3,23.2,23.5,0,2.5
599,2017/8/21,28.5,27.4,34.5,32.3,23.6,23.4,0,2.5
600,2017/8/22,29.1,27.3,35,32.2,25.4,23.4,0,2.6
601,2017/8/23,29.4,27.2,35,32.1,25.6,23.3,0,2.6
602,2017/8/24,29.7,27.2,34.4,32,24.7,23.2,0,2.7
603,2017/8/25,30,27.1,34,32,26.8,23.1,0,2.7
604,2017/8/26,26.4,27,30.1,31.9,22.9,23,4,2.8
605,2017/8/27,26.3,26.9,31.6,31.8,21.4,22.9,0,2.9
606,2017/8/28,27.2,26.8,33.1,31.7,22.2,22.8,0,3
607,2017/8/29,28,26.8,33.8,31.6,22.7,22.7,0,3.1
608,2017/8/30,27.8,26.7,32,31.5,24.6,22.6,0.5,3.2
609,2017/8/31,26.2,26.5,33.6,31.4,21.6,22.4,0,3.2
610,2017/9/1,24.3,26.4,31.1,31.2,19.1,22.3,0,3.3
611,2017/9/2,23.4,26.3,29.6,31.1,16.9,22.2,0,3.4
612,2017/9/3,24,26.1,29.6,30.9,18.5,22,0,3.5
613,2017/9/4,23.3,25.9,28.1,30.7,19.5,21.9,0,3.5
614,2017/9/5,23.3,25.8,27.5,30.5,20.2,21.7,0,3.6
615,2017/9/6,25.6,25.6,29,30.3,22.8,21.6,1,3.7
616,2017/9/7,24.5,25.4,26.1,30.1,22.5,21.4,36,3.7
617,2017/9/8,24.3,25.2,29.9,29.8,19.1,21.2,0,3.8
618,2017/9/9,24,25,29.8,29.6,18.9,21,0,3.9
619,2017/9/10,24.3,24.8,30.8,29.4,18.4,20.8,0,4
620,2017/9/11,24.8,24.6,28.8,29.2,21,20.6,0,4.1
621,2017/9/12,25,24.4,28.9,29,21.6,20.4,56.5,4.1
622,2017/9/13,24.4,24.2,29.4,28.8,20.3,20.2,0,4.2
623,2017/9/14,23.6,24,28.9,28.6,19,20,0,4.2
624,2017/9/15,22.2,23.8,26.4,28.4,18.2,19.8,0,4.3
625,2017/9/16,20.2,23.6,21.4,28.3,17.8,19.6,5.5,4.3
626,2017/9/17,22.3,23.4,26,28.1,20.9,19.3,74.5,4.3
627,2017/9/18,23.3,23.2,28.6,27.9,18.4,19.1,0,4.4
628,2017/9/19,22.2,23,27.4,27.7,16.4,18.9,0,4.4
629,2017/9/20,22.3,22.8,26.7,27.5,18.3,18.7,5,4.5
630,2017/9/21,20.7,22.6,26.9,27.3,16.2,18.4,0,4.6
631,2017/9/22,19.3,22.3,21.1,27.1,16.3,18.2,5,4.7
632,2017/9/23,21.8,22.1,25.8,26.9,18.6,18,0,4.7
633,2017/9/24,20.8,21.9,26.3,26.7,16.3,17.7,0,4.8
634,2017/9/25,21,21.7,27.4,26.5,15.4,17.5,0,4.8
635,2017/9/26,22,21.5,28.2,26.2,15.7,17.3,0,4.8
636,2017/9/27,22.2,21.2,25.3,26,19.9,17.1,10.5,4.8
637,2017/9/28,21.2,21,26.6,25.8,14.4,16.8,6,4.7
638,2017/9/29,19.4,20.8,26.6,25.6,13.2,16.6,0,4.5
639,2017/9/30,19.3,20.6,26,25.5,14.3,16.4,0,4.4
640,2017/10/1,18.8,20.4,24.9,25.3,12.4,16.1,0,4.2
641,2017/10/2,20,20.2,21.1,25.1,18.2,15.9,23,4
642,2017/10/3,22.2,20,29.8,25,17.2,15.7,0.5,3.9
643,2017/10/4,18.6,19.8,24.9,24.8,14.8,15.5,0,3.7
644,2017/10/5,18.4,19.7,23.7,24.7,13,15.3,9,3.5
645,2017/10/6,17.7,19.5,18.9,24.5,16.3,15,37.5,3.3
646,2017/10/7,19.9,19.3,23.8,24.4,17.5,14.8,0.5,3.2
647,2017/10/8,21.8,19.1,27.4,24.3,17.9,14.6,0,3.1
648,2017/10/9,22,18.9,27.9,24.2,17.1,14.4,0,3
649,2017/10/10,22.3,18.8,27.6,24,17.1,14.1,0,2.9
650,2017/10/11,22.9,18.6,28.5,23.9,18,13.9,0,2.9
651,2017/10/12,20.5,18.4,23.1,23.7,17.5,13.7,1,2.8
652,2017/10/13,16.9,18.2,19.3,23.6,15.4,13.4,11,2.8
653,2017/10/14,18.4,17.9,21.7,23.4,16,13.1,0.5,2.8
654,2017/10/15,17,17.7,18.7,23.2,15.6,12.9,16,2.7
655,2017/10/16,15.5,17.5,16.4,23,14.7,12.6,18,2.7
656,2017/10/17,15.1,17.2,18.5,22.8,12.9,12.3,5,2.7
657,2017/10/18,15.4,17,19.8,22.6,12,12.1,17,2.7
658,2017/10/19,14.7,16.8,16.4,22.3,12.9,11.8,20.5,2.6
659,2017/10/20,17.4,16.5,21.6,22.1,14.8,11.6,2,2.5
660,2017/10/21,16.6,16.3,17.5,21.9,15.7,11.3,31,2.5
661,2017/10/22,16.5,16.1,17.6,21.7,15,11.1,99.5,2.4
662,2017/10/23,16.2,15.9,20.2,21.4,12.9,10.9,0,2.3
663,2017/10/24,14.3,15.7,19.8,21.2,9.9,10.7,0,2.2
664,2017/10/25,14.3,15.5,21.8,21,8.3,10.5,0,2.1
665,2017/10/26,14.3,15.3,21.7,20.8,8.1,10.3,0,2.1
666,2017/10/27,16.2,15.1,23.4,20.6,9.7,10.1,0,2
667,2017/10/28,17.2,14.9,18.3,20.5,15.5,10,14.5,2
668,2017/10/29,17.2,14.8,20.8,20.3,14.6,9.8,37,2
669,2017/10/30,13.4,14.6,17.9,20.1,6.5,9.7,0,2
670,2017/10/31,10.7,14.4,17.5,20,4.6,9.5,0,2
671,2017/11/1,12.4,14.3,20.1,19.9,5.6,9.4,0,2
672,2017/11/2,15.1,14.2,21.1,19.7,10.1,9.3,0,2.1
673,2017/11/3,16.1,14,22,19.6,10.2,9.2,0,2.1
674,2017/11/4,13.3,13.9,19.3,19.4,7.3,9,0,2.1
675,2017/11/5,9.8,13.8,16,19.3,4.3,8.9,0,2.1
676,2017/11/6,11.4,13.6,18.6,19.1,4.9,8.8,0,2.1
677,2017/11/7,14.2,13.5,19.3,19,8.3,8.7,0,2.1
678,2017/11/8,15.6,13.3,18,18.8,11.7,8.5,3,2
679,2017/11/9,13.4,13.2,20.1,18.6,7.7,8.4,0,2
680,2017/11/10,11.7,13,17.6,18.4,5.3,8.2,0,1.9
681,2017/11/11,13.3,12.8,18.2,18.1,8,8,0.5,1.9
682,2017/11/12,10.4,12.5,16.6,17.9,5.6,7.8,0,1.8
683,2017/11/13,11.2,12.3,17.7,17.6,4.7,7.5,0,1.8
684,2017/11/14,12.4,12,18.3,17.4,7.7,7.3,4.5,1.7
685,2017/11/15,11,11.8,16.7,17.1,6.2,7,0,1.6
686,2017/11/16,9.3,11.5,14.7,16.9,4,6.7,0,1.6
687,2017/11/17,8.4,11.3,13.5,16.7,2.5,6.4,0,1.5
688,2017/11/18,9.7,11,14.5,16.5,6.2,6.2,2,1.4
689,2017/11/19,6.7,10.8,11.6,16.3,3,5.9,0,1.4
690,2017/11/20,6.5,10.6,12,16.1,2.6,5.7,0,1.4
691,2017/11/21,6.6,10.4,14.2,15.9,0,5.5,0,1.4
692,2017/11/22,7.1,10.2,9.5,15.7,2.6,5.3,12,1.4
693,2017/11/23,8.9,10,13.8,15.5,3.7,5.1,0,1.4
694,2017/11/24,6,9.9,11.9,15.4,0.8,4.9,0,1.4
695,2017/11/25,6.9,9.7,12,15.2,2.9,4.7,0,1.4
696,2017/11/26,7.9,9.5,12.1,15.1,3.1,4.6,0,1.4
697,2017/11/27,9.5,9.4,16,14.9,4.8,4.4,0,1.4
698,2017/11/28,10.1,9.2,16.1,14.7,4.2,4.3,0,1.4
699,2017/11/29,11.7,9.1,13.5,14.6,8.5,4.1,4.5,1.4
700,2017/11/30,11.6,8.9,14.9,14.4,6.3,3.9,0,1.4
701,2017/12/1,6.7,8.7,12,14.2,1.4,3.7,0,1.4
702,2017/12/2,5,8.5,11.7,14,-0.1,3.6,0,1.4
703,2017/12/3,7.5,8.4,14.1,13.8,2.1,3.4,0,1.4
704,2017/12/4,7,8.2,11,13.7,2.5,3.2,0,1.3
705,2017/12/5,4.6,8,8.7,13.5,-0.1,3.1,0,1.3
706,2017/12/6,3.5,7.9,9.3,13.3,-1.7,3,0,1.3
707,2017/12/7,7.1,7.7,12.9,13.1,0.9,2.8,0,1.3
708,2017/12/8,6.7,7.6,10.4,12.9,2.4,2.7,0,1.2
709,2017/12/9,5.9,7.4,9.6,12.8,0.4,2.6,0,1.2
710,2017/12/10,7.6,7.3,12.7,12.6,4.2,2.5,4,1.2
711,2017/12/11,5.3,7.1,8.5,12.4,0.2,2.4,0.5,1.1
712,2017/12/12,1.6,7,5.8,12.3,-1.7,2.3,0.5,1.1
713,2017/12/13,1.9,6.8,7.6,12.1,-2.5,2.1,0,1.1
714,2017/12/14,3.6,6.7,10.5,12,-2.6,2,0,1
715,2017/12/15,5,6.6,10.3,11.9,-0.9,1.9,0,1
716,2017/12/16,6.1,6.4,12.3,11.7,0.6,1.8,0,1
717,2017/12/17,2,6.3,6.5,11.6,-1,1.7,0,1
718,2017/12/18,4.7,6.2,9.6,11.5,0.1,1.6,0,0.9
719,2017/12/19,6.1,6.1,11.5,11.4,0.5,1.5,0,0.9
720,2017/12/20,2.8,6,9.8,11.4,-1.9,1.4,0,0.9
721,2017/12/21,3.6,6,10.5,11.3,-2,1.3,0,0.9
722,2017/12/22,5.1,5.9,13.2,11.2,-0.3,1.2,0,0.9
723,2017/12/23,5.4,5.8,12.3,11.2,-0.1,1.2,0,0.9
724,2017/12/24,7.3,5.7,11.1,11.1,2.4,1.1,2,0.8
725,2017/12/25,7.2,5.6,10.5,11,1.1,1,0.5,0.8
726,2017/12/26,4.3,5.6,9.3,10.9,-1,0.9,0,0.8
727,2017/12/27,3.9,5.5,7.8,10.8,-0.6,0.8,0,0.8
728,2017/12/28,3.5,5.4,8.8,10.7,-1.8,0.8,0,0.9
729,2017/12/29,5.6,5.3,9.5,10.6,0.7,0.7,0,0.9
730,2017/12/30,5.2,5.2,11.2,10.5,-0.1,0.6,0,0.9
731,2017/12/31,5.4,5.1,9.9,10.4,1,0.5,0,0.9
732,2018/1/1,3.5,5,10,10.2,-1.6,0.5,0,1
733,2018/1/2,4.7,5,12.1,10.1,-1.5,0.4,0,1
734,2018/1/3,4.4,4.9,8.4,10,-0.7,0.3,0,1.1
735,2018/1/4,3.1,4.8,9.5,9.9,-2.2,0.3,0,1.1
736,2018/1/5,4.7,4.8,7.9,9.8,1.9,0.2,0,1.1
737,2018/1/6,4.9,4.7,10.6,9.8,0.3,0.2,0,1.2
738,2018/1/7,4.5,4.7,9.6,9.7,-1.5,0.2,0,1.2
739,2018/1/8,6.7,4.7,8,9.7,4.6,0.2,20.5,1.2
740,2018/1/9,5.9,4.6,9.8,9.6,0.8,0.1,0.5,1.2
741,2018/1/10,2.9,4.6,9.2,9.6,-1.2,0.1,0,1.2
742,2018/1/11,0,4.6,4.5,9.5,-3.9,0.1,0,1.2
743,2018/1/12,-1.2,4.5,4.9,9.5,-5.8,0.1,0,1.2
744,2018/1/13,0,4.5,6.3,9.4,-5.2,0.1,0,1.3
745,2018/1/14,1,4.4,6.9,9.4,-4.1,0,0,1.3
746,2018/1/15,2.4,4.4,8.7,9.3,-2.9,0,0,1.3
747,2018/1/16,5.4,4.3,11.4,9.3,-0.5,0,1,1.3
748,2018/1/17,9.5,4.3,12,9.2,7.5,-0.1,12,1.3
749,2018/1/18,8.2,4.2,14.2,9.2,3.5,-0.2,0,1.3
750,2018/1/19,6.9,4.1,12.5,9.1,2.9,-0.2,0,1.3
751,2018/1/20,6.3,4.1,13.7,9.1,1.6,-0.3,0,1.2
752,2018/1/21,5.8,4,12.3,9,0.2,-0.4,0,1.2
753,2018/1/22,3,4,5,9,0.8,-0.4,8,1.2
754,2018/1/23,3.6,3.9,9.6,9,-0.2,-0.5,0,1.2
755,2018/1/24,-1.3,3.8,2.6,8.9,-3.9,-0.6,0,1.1
756,2018/1/25,0,3.8,5.1,8.9,-3.9,-0.6,0,1.1
757,2018/1/26,0.3,3.8,4.1,8.9,-3.3,-0.7,0,1.1
758,2018/1/27,0.7,3.7,7.9,8.9,-5.5,-0.8,0,1
759,2018/1/28,1.5,3.7,4.1,8.9,-1,-0.8,0.5,1
760,2018/1/29,2.1,3.7,7.6,8.9,-2.2,-0.8,0,1
761,2018/1/30,0.4,3.7,6.6,9,-4.8,-0.8,0,1
762,2018/1/31,1.6,3.8,7.5,9,-4.3,-0.8,0,1
763,2018/2/1,2.1,3.8,5.2,9,-1,-0.8,1.5,1
764,2018/2/2,2.5,3.8,8.1,9.1,-2.7,-0.8,0,1
765,2018/2/3,4.2,3.9,9.5,9.2,1.3,-0.7,0,1
766,2018/2/4,0.7,4,4.6,9.3,-2,-0.7,0,1
767,2018/2/5,-1,4.1,4.2,9.4,-5.5,-0.6,0,1.1
768,2018/2/6,-1,4.2,4.3,9.5,-5.3,-0.5,0,1.1
769,2018/2/7,-0.8,4.3,5.6,9.6,-6.4,-0.4,0,1.1
770,2018/2/8,0.1,4.4,7.9,9.8,-5.9,-0.3,0,1.2
771,2018/2/9,2.4,4.5,10,9.9,-4.9,-0.3,0,1.3
772,2018/2/10,4.7,4.6,6.5,10,2.7,-0.2,12.5,1.3
773,2018/2/11,1.8,4.7,6,10.1,-2.1,-0.1,0,1.4
774,2018/2/12,1.1,4.8,6.2,10.1,-2.6,0,0,1.5
775,2018/2/13,1.6,4.9,7.4,10.2,-3,0.1,0,1.6
776,2018/2/14,3.7,5,11.5,10.2,-4.5,0.2,0,1.8
777,2018/2/15,6.2,5,12,10.2,1.2,0.2,0,1.9
778,2018/2/16,5.1,5.1,10,10.2,-0.2,0.3,0,2
779,2018/2/17,5.3,5.1,11.2,10.3,-0.9,0.4,0,2
780,2018/2/18,2.8,5.2,7.6,10.3,-1.5,0.4,0,2.1
781,2018/2/19,4.7,5.2,9,10.3,0.3,0.5,0,2.2
782,2018/2/20,5.9,5.2,11.5,10.3,-1.1,0.5,0,2.3
783,2018/2/21,7.6,5.3,13.1,10.3,4.3,0.6,0,2.3
784,2018/2/22,5.1,5.4,9.5,10.4,0.3,0.6,0,2.3
785,2018/2/23,5,5.4,13.3,10.5,-1.9,0.7,0,2.4
786,2018/2/24,6.5,5.5,14.3,10.5,-1.4,0.8,0,2.4
787,2018/2/25,6.9,5.6,10.7,10.6,4.7,0.8,1,2.4
788,2018/2/26,7.4,5.7,13.1,10.7,1.8,0.9,0,2.4
789,2018/2/27,6.7,5.8,13.9,10.8,0,1,0,2.4
790,2018/2/28,8,5.9,15.4,10.9,1,1,7,2.4
791,2018/3/1,11.4,6,15.1,11,7.7,1.1,3,2.3
792,2018/3/2,6.6,6.1,12.5,11.2,0.8,1.2,0,2.3
793,2018/3/3,6.5,6.2,12.5,11.3,0,1.2,0,2.3
794,2018/3/4,10.1,6.3,17.5,11.5,2,1.3,0,2.3
795,2018/3/5,11.5,6.4,15.3,11.6,6.3,1.4,51.5,2.3
796,2018/3/6,7.4,6.6,13.3,11.8,3.4,1.5,0,2.3
797,2018/3/7,6.9,6.7,11.9,12,0.3,1.6,0,2.3
798,2018/3/8,9.7,6.9,11.2,12.1,7.7,1.7,11,2.3
799,2018/3/9,7,7,10.4,12.3,2.1,1.8,0,2.4
800,2018/3/10,3.8,7.2,9.8,12.4,-1.6,2,0,2.5
801,2018/3/11,6.9,7.3,16.1,12.6,-0.8,2.1,0,2.5
802,2018/3/12,7.5,7.5,15.2,12.7,0.6,2.3,0,2.6
803,2018/3/13,9.9,7.7,19.4,12.9,1.9,2.4,0,2.7
804,2018/3/14,12.6,7.8,22.5,13,5.2,2.6,0,2.8
